anno,area,valore_aggiunto,popolazione_media
2000,VARESE,18628.0,
2001,VARESE,19006.1,812783.5
2002,VARESE,19964.9,815605.5
2003,VARESE,20829.4,822229.0
2004,VARESE,21625.4,831133.5
2005,VARESE,21566.5,838506.0
2006,VARESE,22691.7,845003.5
2007,VARESE,23363.4,852620.0
2008,VARESE,23610.1,859994.0
2009,VARESE,21755.5,865781.5
2010,VARESE,23200.1,870904.5
2011,VARESE,23085.4,875937.5
2012,VARESE,23112.3,880269.0
2013,VARESE,22428.9,883851.0
2014,VARESE,22749.7,885521.0
2015,VARESE,23433.5,885615.0
2016,VARESE,23220.0,885097.5
2017,VARESE,23510.2,884903.0
2018,VARESE,24141.8,885002.0
2019,VARESE,24375.8,884980.5
2020,VARESE,22402.5,882484.5
2021,VARESE,24365.9,878880.5
2022,VARESE,26956.0,878699.5
2023,VARESE,28433.0,879994.0
2000,LOMBARDIA,237278.9,
2001,LOMBARDIA,250768.0,9033231.5
2002,LOMBARDIA,261805.3,9058102.0
2003,LOMBARDIA,271226.1,9127898.0
2004,LOMBARDIA,279920.6,9236668.0
2005,LOMBARDIA,287390.7,9335331.0
2006,LOMBARDIA,294790.4,9401184.0
2007,LOMBARDIA,307949.5,9474509.0
2008,LOMBARDIA,321301.8,9560640.5
2009,LOMBARDIA,306341.6,9637209.0
2010,LOMBARDIA,319212.7,9708363.5
2011,LOMBARDIA,325964.7,9778562.0
2012,LOMBARDIA,319426.3,9844276.0
2013,LOMBARDIA,316308.2,9903655.0
2014,LOMBARDIA,321586.2,9942269.0
2015,LOMBARDIA,328773.0,9956608.0
2016,LOMBARDIA,337796.2,9964433.0
2017,LOMBARDIA,346867.9,9978690.5
2018,LOMBARDIA,356402.8,9998897.5
2019,LOMBARDIA,359915.2,10019217.5
2020,LOMBARDIA,340182.2,10004578.0
2021,LOMBARDIA,378117.1,9962279.0
2022,LOMBARDIA,410550.2,9959756.5
2023,LOMBARDIA,440812.0,9994281.5
2000,ITALIA,1115546.1,
2001,ITALIA,1178148.4,56994507.0
2002,ITALIA,1220342.3,57089824.0
2003,ITALIA,1264274.9,57399184.0
2004,ITALIA,1312780.5,57828179.0
2005,ITALIA,1348360.2,58166682.0
2006,ITALIA,1394329.8,58399860.5
2007,ITALIA,1453436.1,58756247.0
2008,ITALIA,1479748.5,59211180.5
2009,ITALIA,1425773.5,59555454.0
2010,ITALIA,1449486.6,59819406.5
2011,ITALIA,1480015.1,60026841.0
2012,ITALIA,1455350.3,60191247.0
2013,ITALIA,1445573.9,60311613.0
2014,ITALIA,1453767.2,60320707.0
2015,ITALIA,1479703.1,60229604.5
2016,ITALIA,1515428.8,60115223.0
2017,ITALIA,1552004.0,60002251.5
2018,ITALIA,1582453.3,59877221.0
2019,ITALIA,1604270.1,59729080.5
2020,ITALIA,1496321.9,59438850.5
2021,ITALIA,1644016.8,59133173.0
2022,ITALIA,1793606.9,59013667.0
2023,ITALIA,1924797.1,58984215.5
