anno,territorio,agricoltura,industria,costruzioni,commercio_trasporti_ict,finanza_immobiliare_professioni,altri_servizi,totale,procapite,fonte
2024,Torino,503.01469623070335,16649.83706368768,4025.3678316579076,18108.052199373116,24783.198997947075,13252.302549436658,77321.77333833314,35045.02826532137,tagliacarne
2024,Vercelli,140.3565663272346,1578.455567400192,326.4060172618103,916.9545515721895,1318.010552562882,903.1689892030345,5183.352244327342,31264.376500095557,tagliacarne
2024,Novara,127.26741316130806,3549.610180288956,779.9708688795188,2512.7693648279537,3385.5728629290093,1924.8128527127617,12280.003542799506,33738.12721248285,tagliacarne
2024,Cuneo,918.81991314981,5689.062722244099,1455.6323519996674,3940.520816817218,6249.6149858978615,3005.9585426300123,21259.609332738666,36550.29898855361,tagliacarne
2024,Asti,243.71435794744733,1268.9994821078628,451.98383851942765,1141.1976422967418,1762.1657535683405,998.8482853936944,5866.909359833515,28305.02237290894,tagliacarne
2024,Alessandria,217.86180537178913,3100.5815514629876,943.1108133233512,2860.1194767904744,3527.0720783500446,2163.3941615313756,12812.139886830022,31502.137624456973,tagliacarne
2024,Valle d'Aosta/Vallée d'Aoste,80.6,852.0,367.4,1208.7,1491.9,1336.4,5337.0,43462.50473347965,tagliacarne
2024,Imperia,333.39698596337286,353.3067649403246,407.43257682290937,1439.609010044911,1965.2452982192299,1248.8859903973414,5747.876626388089,27504.960504498547,tagliacarne
2024,Savona,151.19944380472268,1572.5250485820254,696.3887250798628,1980.7999245168648,2673.992838616057,1691.5143187610925,8766.420299360625,32787.59883068641,tagliacarne
2024,Genova,71.00754596434287,4452.085927614126,1935.9421235708064,8214.00919200064,10275.449855591667,5976.601304015684,30925.095948757265,37799.29455643844,tagliacarne
2024,La Spezia,36.59602426756161,1133.6822588635243,445.33657452642154,1812.7818734375853,2132.212007573047,2149.0983868258827,7709.707125494022,35852.68277770735,tagliacarne
2024,Varese,169.46435745016987,7344.794314498712,1422.8587506425226,7533.978197273388,8682.476240515754,4507.005861654888,29660.577722035432,33663.81077134186,tagliacarne
2024,Como,188.88550212870436,4380.283549857551,1168.9861931305436,3997.6323284853997,6587.103929678961,2953.959457066171,19276.850960347332,32227.93782794915,tagliacarne
2024,Sondrio,121.20455340453773,1094.5583084522048,429.5739109803782,1399.4010243772443,1717.5015999654115,1046.1784065225147,5808.417803702291,32456.151605940322,tagliacarne
2024,Milano,308.32351191872993,28612.239348077797,8259.893171238491,66270.68926875661,85453.65319106258,24461.430967139946,213366.22945819417,65721.09499254565,tagliacarne
2024,Bergamo,632.0995484993026,12229.802914164626,3195.9303094050206,8170.451145940822,12012.766564455576,5136.10463721542,41377.15511968077,37185.1938469288,tagliacarne
2024,Brescia,1221.4432037689703,15329.334444457047,3332.177297858883,9570.76809815598,14182.441081383475,6280.92112393793,49917.08524956228,39505.53877483914,tagliacarne
2024,Pavia,322.4806005160423,3401.200349542305,976.8396732066043,2989.992049420064,4787.035758606889,2770.2142477621837,15247.762679054089,28217.94235857792,tagliacarne
2024,Cremona,809.9944407902012,3808.60627516279,610.6226085917307,2566.151977746745,3328.7535236138815,1884.213947405558,13008.342773310906,36800.78865370291,tagliacarne
2024,Mantova,863.4334298876628,4091.2237325974515,720.9090144064683,2618.2987789859653,4134.29533631525,1920.09878988357,14348.259082076367,35240.11396605331,tagliacarne
2024,Bolzano / Bozen,1408.4032820938926,4867.216214603591,2048.149612460887,8466.36323992561,6840.470693148159,6019.8685640554895,29650.47160628763,55065.37001629209,tagliacarne
2024,Trento,950.6967179061072,4151.683785396409,1602.5503875391128,5163.936760074388,6759.629306851841,4714.53143594451,23343.028393712368,42757.576201209966,tagliacarne
2024,Verona,1306.3254063667619,7261.808863643127,2179.7791130983032,10243.882875743919,9172.803127790658,5215.7084134220395,35380.30780006481,38127.858473449276,tagliacarne
2024,Vicenza,416.6393427215746,12948.399583601287,1744.402214512496,6051.130060555924,8003.178557435737,4097.061129803873,33260.81088863089,38952.99215587245,tagliacarne
2024,Belluno,101.65806626965312,2032.7613904379793,435.2059529423101,1888.1619650326265,1607.1867531673445,1201.4854822062812,7266.459610056194,36760.000657936056,tagliacarne
2024,Treviso,1062.0512357719342,10037.534735240992,2210.363903377901,6086.838507010627,9128.485609819065,4203.649252526056,32728.923243746576,37256.45847526551,tagliacarne
2024,Venezia,465.25979758145616,4907.362349734865,1865.5392469371593,9011.647282654718,7941.876981200342,5191.492563974389,29383.17822208293,35203.36878498966,tagliacarne
2024,Padova,548.2385214520742,9356.047021212687,2177.4819123380826,8552.122619476979,9696.582394543351,5422.011602387259,35752.484071410436,38354.6351133587,tagliacarne
2024,Rovigo,249.52762983654478,1416.3860561290712,466.127656793747,1477.6166895252056,1692.2865760435045,1208.5915556801026,6510.536164008176,28649.224044040377,tagliacarne
2024,Udine,289.2292745872282,4321.557841406384,1045.0556319010323,3607.251685320785,5023.288702820506,3651.8807171782096,17938.263853214143,34710.733026984,tagliacarne
2024,Gorizia,63.50255849018725,1103.923867035858,297.85231121218345,784.6324017752399,1048.4550157890365,948.444285897623,4246.810440200127,30668.42708214571,tagliacarne
2024,Trieste,22.85292804975931,1226.0534788433079,491.47765009095326,2168.270499530831,2786.2447056013157,2060.8468974761827,8755.746159592349,38364.95595128591,tagliacarne
2024,Piacenza,337.6047370378691,2412.2400402959197,557.0441182620995,2704.7180011080313,2721.3523916373674,1748.09451342853,10481.053801769816,36638.586206574066,tagliacarne
2024,Parma,499.4235627045919,5447.2844633680725,992.5643910626648,3958.952114726483,5173.750522256247,2687.584684890219,18759.559739008277,41222.37253727521,tagliacarne
2024,Reggio nell'Emilia,551.8843615592814,7470.305999204667,1016.2399224669208,3695.2559311354426,6191.617437666482,2612.136460120175,21537.44011215297,40637.062825409615,tagliacarne
2024,Modena,498.2705431513865,11188.795204292504,1529.4455325618258,5508.446170328098,7961.5539161513125,3865.056229050274,30551.5675955354,43164.307839020796,tagliacarne
2024,Bologna,427.57826385881003,11596.412645435981,2122.906423474953,10877.483964890764,13240.781815581428,7726.692804606813,45991.85591784875,45125.42519146011,tagliacarne
2024,Ferrara,445.6153552995569,2013.4792754417376,498.7279072999229,1806.664935964393,2921.695600212013,1964.7446502258542,9650.927724443478,28399.15583000245,tagliacarne
2024,Ravenna,640.003306073583,2972.259474738551,645.7325651722688,3168.07673699339,3719.7324954004594,2390.797171284499,13536.601749662752,34945.34031123812,tagliacarne
2024,Forlì-Cesena,590.4752519618602,3296.0302831874005,849.2160380108955,3210.7103740927437,3897.1089283253773,2334.119348312157,14177.660223890434,36055.28768600385,tagliacarne
2024,Pesaro e Urbino,112.99464513318769,3031.1271816574854,643.4850379549374,2186.619339278401,2870.0469301654784,1941.4214076123496,10785.69454180184,30830.364000119596,tagliacarne
2024,Ancona,208.3286082163661,3589.741493171706,851.0725701374806,3408.2419462472567,3659.167804595336,3216.724765848532,14933.277188216678,32348.527497182153,tagliacarne
2024,Macerata,140.5925373060204,2208.2655788422926,769.6452994949121,1937.4539497925855,2430.5665808985864,1653.7682506018762,9140.292196936272,30200.766549379558,tagliacarne
2024,Ascoli Piceno,162.35156271291476,1053.816372513981,484.5635858103735,1208.189258039453,1701.925600611195,1156.109965052022,5766.956344739939,28741.587127438972,tagliacarne
2024,Massa-Carrara,39.43200531187852,1008.0962786894074,385.46103984329983,1341.938624865624,1495.1303167101498,1159.2770560790227,5429.335321499382,29053.99900733065,tagliacarne
2024,Lucca,129.68571110821577,2943.6678682935785,851.6731616079904,2871.264430763588,3390.7018702357177,2097.5218883662014,12284.514930375293,32220.87562506716,tagliacarne
2024,Pistoia,731.5320422830148,1402.2215124193458,540.444121915847,1620.314210069366,2408.2912080136184,1462.6275248532058,8165.430619554398,28160.29872674707,tagliacarne
2024,Firenze,292.06711741450584,7988.610212587861,1984.1553575296755,11394.793259065451,12883.552581638336,7482.213823944359,42025.39235218019,42487.5506847536,tagliacarne
2024,Livorno,97.02831997551864,1341.8245923294492,595.8464044853753,2955.2871053957797,2777.3838292481582,2178.471473707024,9945.841725141305,30520.606877959526,tagliacarne
2024,Pisa,204.96721617309498,3081.6593394554247,910.9837922647201,3238.8250476133467,4215.452773284028,2833.7464589945803,14485.634627785195,34644.88960109346,tagliacarne
2024,Arezzo,327.67044478249073,3356.4877330795825,697.2788918251827,2184.4803892749856,2811.6139684235714,1709.1162225386408,11086.647649924455,33243.81969722021,tagliacarne
2024,Siena,398.2105834456474,1549.605400613657,508.0679538573672,1760.3318739034032,2859.3974517861307,1796.50218679984,8872.115450406045,34135.468377032135,tagliacarne
2024,Grosseto,443.25014840523346,474.11743006698174,392.5087389225358,1488.0132719809146,1748.720338831353,1474.7285795867485,6021.338507793766,27932.820763081978,tagliacarne
2024,Perugia,468.2960509375098,3514.7427140158047,1149.9396219678863,4362.930419429983,4991.139707155669,3902.6354033409143,18389.683916847767,28874.803697181113,tagliacarne
2024,Terni,221.40394906249028,792.457285984195,381.6603780321136,1289.569580570017,1508.1602928443306,1313.7645966590849,5507.016083152232,25538.659551937337,tagliacarne
2024,Viterbo,595.331460955312,687.0795471222139,551.9354276346833,1531.5500219396579,2185.6407499596557,1917.565577980567,7469.102785592089,24285.18453622435,tagliacarne
2024,Rieti,182.46970997306445,359.2984234851342,289.86565276276207,734.2121980403892,987.1823460983215,1082.6894389743823,3635.7177693340536,24245.311237894264,tagliacarne
2024,Roma,757.4640156480128,24485.81319514406,8887.919273576807,48265.77514794258,59354.07460971376,44809.53348730266,186560.57972932787,44160.03981618532,tagliacarne
2024,Latina,814.9304390082254,2648.675506381343,1054.45000924179,3076.8468258413764,3789.510922176404,2919.462777478999,14303.87648012814,25237.443769501915,tagliacarne
2024,Frosinone,267.6043744153855,2243.133327867254,1002.8296367839599,2267.315806235992,3291.9913720518553,2430.6487182633855,11503.523235617831,24814.751487604688,tagliacarne
2024,Caserta,837.4838407897918,2020.255827190129,1595.5261298455212,4186.139749527221,4363.164785194054,4779.256679678079,17781.8270122248,19605.49053037965,tagliacarne
2024,Benevento,344.9349039419258,662.7263631268931,471.0845334357407,1046.0848551521144,1260.4113637921498,1452.245294512299,5237.487313961123,20102.93230606092,tagliacarne
2024,Napoli,744.5241001803724,7682.870941265434,4514.149733713686,20295.64870628657,17693.239020812744,15675.480233460406,66605.9127357192,22466.385289169735,tagliacarne
2024,Avellino,314.7494512359586,1354.041806157604,708.7962368982619,1736.8864914664298,2083.565138196973,2181.1614330543625,8379.20055700959,21166.75985563193,tagliacarne
2024,Salerno,1216.7077038519515,2930.705062259938,1696.6433661067908,6480.740197567666,5612.119692004078,5562.556359294852,23499.472381085277,22245.030614663192,tagliacarne
2024,L'Aquila,384.4184529590224,1226.0450741504487,769.5812544809684,1556.152081659654,2126.48946099639,2269.4053110650393,8332.091635311523,29056.330494030728,tagliacarne
2024,Teramo,251.66294559609656,1850.5149679879733,745.6459115025232,1654.7905700605359,2303.879050566247,1609.893004404251,8416.386450117627,28098.173669579937,tagliacarne
2024,Pescara,190.9655618376905,1120.6095412911343,547.299162677066,2077.8138741981325,2553.966501870857,2133.1620035824653,8623.816645457346,27637.24905285719,tagliacarne
2024,Chieti,503.55303960719044,2584.930416570445,774.2736713394428,2139.843474081679,2830.164986566506,2175.6396809482444,11008.405269113508,29698.4276413807,tagliacarne
2024,Campobasso,344.76837115515195,759.4727366667308,319.8721453575194,1048.4853799292896,1392.0235078772891,1397.8886894877432,5262.510830473724,25107.698471946107,tagliacarne
2024,Foggia,1264.4538302463372,1284.9002737370952,828.0930755681543,2848.547083327372,2832.2414236462328,3187.4388575262465,12245.674544051439,20696.06356028981,tagliacarne
2024,Bari,688.0333561976772,3826.9382724208303,2536.663347020745,8709.14850781737,8182.89644552608,7384.224400670769,31327.904329653473,25679.946726451315,tagliacarne
2024,Taranto,476.73179481278754,1791.9150288049152,641.4971598846327,2364.0364492636695,2823.5062735153324,3876.0497909458345,11973.736497227172,21700.455888561468,tagliacarne
2024,Brindisi,376.61930608421244,859.9913719304225,555.8890479153533,1791.3324637369883,1871.1319870214277,2148.601421007596,7603.565597696001,20208.113999239897,tagliacarne
2024,Lecce,369.716636045654,1697.0801035214122,1320.2773676496713,3687.498175947076,4494.1003016813365,3986.690706369326,15555.363291214475,20320.40737998859,tagliacarne
2024,Potenza,406.19756155245506,2324.8699084789137,712.4704366776971,1666.301847455469,1882.6796156047665,2159.7273285460883,9152.24669831539,26758.960072612685,tagliacarne
2024,Matera,414.1024384475449,657.7300915210864,338.32956332230293,1003.9981525445315,955.7203843952339,987.7726714539117,4357.6533016846115,22990.739670013965,tagliacarne
2024,Cosenza,550.9887417738913,878.473928557134,831.82251626399,2851.8798151580113,3406.1579997704184,3648.143805549977,12167.46680707342,18165.72592868419,tagliacarne
2024,Catanzaro,363.9147752167237,558.2122681772979,463.0841826721043,1807.7863474782805,1952.9361372301248,2563.2566174574426,7709.1903282319745,22675.556442569738,tagliacarne
2024,Reggio di Calabria,689.9395107794969,502.70960107212846,544.8982827949691,3186.4993070171577,2341.0708668325774,3191.6283055150625,10456.74587401139,20361.927846516344,tagliacarne
2024,Trapani,449.632918277806,574.9770257842001,533.879355242613,1730.121321938646,2104.977903590954,2394.9689180386645,7788.557442872883,18896.4227053162,tagliacarne
2024,Palermo,586.8395240059976,1617.3979681780686,1570.374921096226,6911.0745085685685,7311.859983861444,8267.396307392753,26264.943213103055,21935.967726207007,tagliacarne
2024,Messina,359.87675718179605,936.2686908262226,935.2896183934031,3035.911757791066,3446.651166720227,3861.816127461213,12575.814118373928,21064.680073556498,tagliacarne
2024,Agrigento,616.6037167293257,504.63655827811743,530.36580950687,1527.8569540752146,1955.2369984929237,2322.3831291202187,7457.08316620267,18219.848017823024,tagliacarne
2024,Caltanissetta,288.8133423249541,393.2493048523903,404.434365147123,893.0275807276353,1319.0040475098435,1431.8249354554505,4730.353576017396,19227.868065294246,tagliacarne
2024,Enna,178.18124006008324,202.08554233453512,203.6755288539084,486.07511978033034,730.8378175341551,1007.2208272199846,2808.0760757829967,18356.857818502118,tagliacarne
2024,Catania,736.5420178373498,2259.370876769937,1608.211479621921,5843.9260044259645,6448.359114105202,5969.287285821669,22865.69677858204,21366.056037427108,tagliacarne
2024,Ragusa,572.9443678162007,632.4117723036103,513.2778317991431,1524.0427297711958,1627.1591988035805,1602.2809980736333,6472.116898567363,20218.66787428965,tagliacarne
2024,Siracusa,600.8661157664867,3978.40226067292,607.191090338792,1497.5640229213743,2008.5137693816644,2349.221471416416,11041.758730497653,28809.04713207171,tagliacarne
2024,Sassari,445.3307524835786,694.9568341274996,1053.5869017975244,3031.799421105888,3489.440109064133,3157.7997167287904,11872.913735307415,25123.978169102793,tagliacarne
2024,Nuoro,349.9120876730772,310.310528431006,335.99135130392216,956.0575486415048,1034.9784901164703,1418.0578089400785,4405.307815106059,22445.884309135723,tagliacarne
2024,Cagliari,88.1305774428348,1302.557251332048,864.741299587755,3580.6457685600135,3680.602727217305,3987.993009181703,13504.67063332166,32306.240084688812,tagliacarne
2024,Pordenone,284.0152388728253,3225.4648127144505,545.6144067958309,1657.5454133731437,2662.211575789144,1993.7280994479847,10368.579546993378,33353.96248208508,tagliacarne
2024,Isernia,105.73162884484796,187.32726333326926,137.32785464248062,305.61462007071054,565.0764921227108,568.8113105122567,1869.889169526276,23670.232216541994,tagliacarne
2024,Oristano,333.22068872501524,245.09162122664074,210.70798689945937,586.2597177759625,766.0492208874538,921.8864842048702,3063.215719719402,20628.757140726986,tagliacarne
2024,Biella,50.54999179286609,1269.7856274581588,274.5434306198099,967.3165953075178,1681.621117093821,851.4030156238179,5095.219777895992,30253.056512860658,tagliacarne
2024,Lecco,120.86601138584675,4010.8252059125894,694.6561875788068,2066.5333439528986,3390.794460854164,1501.2146085721704,11784.889818256475,35333.080942313674,tagliacarne
2024,Lodi,296.58562279875537,1572.5307100573618,497.0098951477023,1475.4829931849438,2012.0467576714566,1007.0424511184885,6860.698429978708,29834.31218463519,tagliacarne
2024,Rimini,126.44461835306149,1694.6926140351757,700.3231016884512,3294.8917707606474,3392.706892769318,2047.6741380814863,11256.73313568814,33083.615142022034,tagliacarne
2024,Prato,43.156411100399566,2426.309632464712,449.48053774800593,1905.3517870675344,2603.055661828937,1262.694785130379,8690.04881533997,33358.152127443434,tagliacarne
2024,Crotone,328.4579635897556,484.59870859454463,225.05186071761835,660.8787820781423,692.592282296325,871.6858612079271,3263.2654584843135,20182.171856010795,tagliacarne
2024,Vibo Valentia,222.49900864013253,213.20549359889498,170.54315755131836,612.9557482684098,691.6427138705537,882.1854102695901,2793.0315321988996,18577.914495990128,tagliacarne
2024,Verbano-Cusio-Ossola,29.815256018841286,796.3678053500622,300.7848477385059,1023.669353014791,1227.243651650965,860.3116034686445,4238.19251724181,27613.702740993605,tagliacarne
2024,Monza e della Brianza,76.91921745107673,7034.60084721956,1665.3429878128502,7971.120793719935,9813.03155587657,4043.0155017211605,30604.03090380115,34845.73219207848,tagliacarne
2024,Fermo,88.93264663151118,1285.0493738145374,244.53350660229643,893.0955066423047,1180.0930837294045,798.2756108852199,4489.979728305274,26850.332510907767,tagliacarne
2024,Barletta-Andria-Trani,343.6450766133309,905.2749495853235,491.7800019614427,1629.4373199075244,1882.023568609591,1657.1948234802296,6909.355740157442,18315.30103820446,tagliacarne
2024,Sud Sardegna,541.5058936754941,507.1837648828058,467.27246041133907,1341.3375439166311,1516.8294527146375,1621.962980944559,5996.092096545466,18139.935218026712,tagliacarne
2024,Piemonte,2231.3999999999996,33902.7,8557.8,31470.600000000002,43934.49999999999,23960.199999999997,144057.19999999998,33866.62670110757,tagliacarne
2024,Lombardia,5131.699999999999,92910.0,22974.8,116630.49999999999,156101.9,57511.39999999999,451260.3,45019.0310180279,tagliacarne
2024,Trentino-Alto Adige/Südtirol,2359.1,9018.9,3650.7,13630.299999999997,13600.099999999999,10734.4,52993.5,48869.027391683034,tagliacarne
2024,Veneto,4149.699999999999,47960.30000000001,11078.9,43311.399999999994,47242.4,26540.0,180282.7,37156.111968311845,tagliacarne
2024,Friuli-Venezia Giulia,659.6000000000001,9877.0,2379.9999999999995,8217.699999999999,11520.200000000003,8654.9,41309.399999999994,34587.1894925757,tagliacarne
2024,Liguria,592.1999999999999,7511.6,3485.1,13447.2,17046.9,11066.1,53149.100000000006,35209.17852250113,tagliacarne
2024,Emilia-Romagna,4117.3,48091.50000000001,8912.200000000003,38225.19999999999,49220.299999999996,27376.900000000005,175943.40000000002,39459.73901544987,tagliacarne
2024,Toscana,2706.9999999999995,25572.6,7315.9,30760.59999999999,37193.299999999996,23456.9,127006.3,34694.70989285603,tagliacarne
2024,Umbria,689.7,4307.2,1531.6,5652.5,6499.3,5216.4,23896.699999999997,28030.95795831373,tagliacarne
2024,Marche,713.2000000000002,11168.000000000002,2993.3,9633.6,11841.8,8766.3,45116.20000000001,30442.80056869135,tagliacarne
2024,Lazio,2617.7999999999997,30424.000000000004,11787.0,55875.7,69608.4,53159.899999999994,223472.8,39119.90678000742,tagliacarne
2024,Abruzzo,1330.6,6782.1,2836.8,7428.600000000002,9814.5,8188.1,36380.700000000004,28668.78303042434,tagliacarne
2024,Molise,450.4999999999999,946.8000000000001,457.20000000000005,1354.1000000000001,1957.1,1966.6999999999998,7132.4,24714.21888806112,tagliacarne
2024,Campania,3458.4,14650.599999999999,8986.2,33745.5,31012.5,29650.7,121503.9,21757.480639821304,tagliacarne
2024,Puglia,3519.1999999999994,10366.099999999999,6374.199999999999,21030.0,22085.9,22240.2,85615.59999999999,22052.15905003421,tagliacarne
2024,Basilicata,820.3,2982.6,1050.8,2670.3000000000006,2838.4000000000005,3147.5,13509.900000000001,25415.33020420833,tagliacarne
2024,Calabria,2155.7999999999997,2637.2,2235.4,9120.000000000002,9084.4,11156.9,36389.7,19827.03642205946,tagliacarne
2024,Sicilia,4390.3,11098.800000000001,6906.700000000001,23449.6,26952.599999999995,29206.400000000005,102004.39999999998,21302.553167939364,tagliacarne
2024,Sardegna,1758.1,3060.1000000000004,2932.2999999999997,9496.1,10487.9,11107.7,38842.2,24805.0956129909,tagliacarne
2024,Nord-ovest,8035.9,135176.30000000002,35385.100000000006,162757.0,218575.2,93874.1,653803.6,41094.5250897885,tagliacarne
2024,Nord-est,11285.699999999999,114947.7,26021.8,103384.59999999998,121583.00000000001,73306.20000000003,450529.0,38873.57414674223,tagliacarne
2024,Centro,6727.700000000002,71471.8,23627.800000000003,101922.39999999997,125142.79999999999,90599.5,419492.0,35830.43484926865,tagliacarne
2024,Sud e Isole,17883.2,52524.3,31779.60000000001,108294.19999999998,114233.29999999999,116664.20000000001,441378.79999999993,22353.207981217944,tagliacarne
2024,Italia,43932.5,374389.19999999995,116814.30000000002,476358.19999999995,579534.3,374925.9000000001,1965954.4,33347.99395586667,tagliacarne
